{"cameraMode":{"drawMode":0,"name":"Shaded","section":"Shading Mode"},"sceneLighting":true,"audioPlay":false,"sceneViewState":{"m_AlwaysRefresh":false,"showFog":true,"showSkybox":true,"showFlares":true,"showImageEffects":true,"showParticleSystems":true,"showVisualEffectGraphs":true,"m_FxEnabled":true},"in2DMode":false,"pivot":{"x":-5.491846084594727,"y":-0.5030757188796997,"z":13.477742195129395},"rotation":{"x":0.014865782111883164,"y":-0.13308918476104737,"z":0.0019964929670095445,"w":0.9909929037094116},"size":10.307218551635743,"orthographic":false}